,AAPL,MSFT,GOOGL,AMZN,TSLA
AAPL,0.00013510678664696183,2.707865546826024e-06,1.6554834072475638e-05,1.1341346515438107e-06,1.5862152362525454e-05
MSFT,2.707865546826024e-06,0.00016756369538606673,-1.8729234735906084e-05,1.6806137559724365e-06,3.6844398845504813e-06
GOOGL,1.6554834072475638e-05,-1.8729234735906084e-05,0.00022397189167955693,3.5132552528035537e-06,1.6812735898463705e-05
AMZN,1.1341346515438107e-06,1.6806137559724365e-06,3.5132552528035537e-06,0.00010632807769692702,2.430624650613958e-06
TSLA,1.5862152362525454e-05,3.6844398845504813e-06,1.6812735898463705e-05,2.430624650613958e-06,0.000210053383307251
